id	Level	Unique Labels	Taxonomic Entropy	Number of Features Terminating at Depth	Proportion of Features Terminating at Depth	Number of Features Classified at Depth	Proportion of Features Classified at Depth	Number of Features Unclassified at Depth	Proportion of Features Unclassified at Depth	Dataset
#q2:types	numeric	numeric	numeric	numeric	numeric	numeric	numeric	numeric	numeric	categorical
1	1	1	0	0	0	41492	1	0	0	1
2	2	1	0	29	0.000698929914200328	41492	1	0	0	1
3	3	18	1.48942941776008	17	0.000409717535910537	41463	0.9993010700858	29	0.000698929914200328	1
4	4	168	3.90536379924156	15	0.000361515472862238	41446	0.998891352549889	46	0.00110864745011086	1
5	5	902	5.65884045106665	90	0.00216909283717343	41431	0.998529837077027	61	0.0014701629229731	1
6	6	5247	7.66388716240292	695	0.0167502169092837	41341	0.996360744239853	151	0.00363925576014653	1
7	7	17869	9.31260538841706	40646	0.97961052733057	40646	0.97961052733057	846	0.0203894726694303	1
