id	Level	Unique Labels	Taxonomic Entropy	Number of Features Terminating at Depth	Proportion of Features Terminating at Depth	Number of Features Classified at Depth	Proportion of Features Classified at Depth	Number of Features Unclassified at Depth	Proportion of Features Unclassified at Depth	Dataset
#q2:types	numeric	numeric	numeric	numeric	numeric	numeric	numeric	numeric	numeric	categorical
1	1	1	0	0	0	239222	1	0	0	1
2	2	1	0	5	2.09010876926035e-05	239222	1	0	0	1
3	3	16	0.446854673222443	30	0.000125406526155621	239217	0.999979098912307	5	2.09010876926035e-05	1
4	4	99	2.04447726101939	1627	0.00680121393517319	239187	0.999853692386152	35	0.000146307613848225	1
5	5	1413	5.07850568015517	1212	0.00506642365668709	237560	0.993052478450979	1662	0.00694752154902141	1
6	6	17338	7.96562846081469	7311	0.0305615704241249	236348	0.987986054794291	2874	0.0120139452057085	1
7	7	122973	11.1308098208826	229037	0.957424484370167	229037	0.957424484370167	10185	0.0425755156298334	1
