id	Level	Unique Labels	Taxonomic Entropy	Number of Features Terminating at Depth	Proportion of Features Terminating at Depth	Number of Features Classified at Depth	Proportion of Features Classified at Depth	Number of Features Unclassified at Depth	Proportion of Features Unclassified at Depth	Dataset
#q2:types	numeric	numeric	numeric	numeric	numeric	numeric	numeric	numeric	numeric	categorical
1	1	1	0	0	0	513271	1	0	0	1
2	2	1	0	21	4.09140590448321e-05	513271	1	0	0	1
3	3	23	0.586642321690344	57	0.00011105244597883	513250	0.999959085940955	21	4.09140590448321e-05	1
4	4	144	2.26909341344044	1439	0.00280358718883397	513193	0.999848033494976	78	0.000151966505023662	1
5	5	2127	5.27277204817166	2147	0.00418297546520259	511754	0.997044446306142	1517	0.00295555369385763	1
6	6	26604	7.94926212091927	16745	0.0326240913669387	509607	0.99286147084094	3664	0.00713852915906022	1
7	7	222024	11.3140871589429	492862	0.960237379474001	492862	0.960237379474001	20409	0.0397626205259989	1
