id	Level	Unique Labels	Taxonomic Entropy	Number of Features Terminating at Depth	Proportion of Features Terminating at Depth	Number of Features Classified at Depth	Proportion of Features Classified at Depth	Number of Features Unclassified at Depth	Proportion of Features Unclassified at Depth	Dataset
#q2:types	numeric	numeric	numeric	numeric	numeric	numeric	numeric	numeric	numeric	categorical
1	1	1	0	0	0	27681	1	0	0	1
2	2	1	0	3	0.000108377587514902	27681	1	0	0	1
3	3	15	1.42900333875528	13	0.000469636212564575	27678	0.999891622412485	3	0.000108377587514902	1
4	4	143	3.73361091727644	13	0.000469636212564575	27665	0.999421986199921	16	0.000578013800079477	1
5	5	788	5.44267903632105	38	0.00137278277518876	27652	0.998952349987356	29	0.00104765001264405	1
6	6	4185	7.47076531398708	374	0.0135110725768578	27614	0.997579567212167	67	0.00242043278783281	1
7	7	11715	8.97125071982267	27240	0.984068494635309	27240	0.984068494635309	441	0.0159315053646906	1
