id	Level	Unique Labels	Taxonomic Entropy	Number of Features Terminating at Depth	Proportion of Features Terminating at Depth	Number of Features Classified at Depth	Proportion of Features Classified at Depth	Number of Features Unclassified at Depth	Proportion of Features Unclassified at Depth	Dataset
#q2:types	numeric	numeric	numeric	numeric	numeric	numeric	numeric	numeric	numeric	categorical
1	1	1	0	0	0	64944	1	0	0	1
2	2	1	0	13	0.000200172456270017	64944	1	0	0	1
3	3	19	1.51754679219662	18	0.000277161862527716	64931	0.99979982754373	13	0.000200172456270017	1
4	4	173	3.88282041744611	20	0.000307957625030796	64913	0.999522665681202	31	0.000477334318797733	1
5	5	986	5.68602589874354	99	0.00152439024390244	64893	0.999214708056172	51	0.000785291943828529	1
6	6	6442	7.82511506628243	831	0.0127956393200296	64794	0.997690317812269	150	0.00230968218773097	1
7	7	23986	9.59051495645704	63963	0.984894678492239	63963	0.984894678492239	981	0.0151053215077605	1
