id	Level	Unique Labels	Taxonomic Entropy	Number of Features Terminating at Depth	Proportion of Features Terminating at Depth	Number of Features Classified at Depth	Proportion of Features Classified at Depth	Number of Features Unclassified at Depth	Proportion of Features Unclassified at Depth	Dataset
#q2:types	numeric	numeric	numeric	numeric	numeric	numeric	numeric	numeric	numeric	categorical
1	1	1	0	0	0	305524	1	0	0	tidybug_c98
2	2	1	0	90	0.000294575876199578	305524	1	0	0	tidybug_c98
3	3	19	0.558317049735059	274	0.000896819889763161	305434	0.9997054241238	90	0.000294575876199578	tidybug_c98
4	4	122	2.239829176868	1146	0.00375093282360797	305160	0.998808604234037	364	0.00119139576596274	tidybug_c98
5	5	2075	5.28747926967951	89024	0.291381364475459	304014	0.995057671410429	1510	0.0049423285895707	tidybug_c98
6	6	28632	8.25937346480398	49676	0.162592791401003	214990	0.703676306934971	90534	0.296323693065029	tidybug_c98
7	7	120318	9.79329153351746	165314	0.541083515533968	165314	0.541083515533968	140210	0.458916484466032	tidybug_c98
