id	Level	Unique Labels	Taxonomic Entropy	Number of Features Terminating at Depth	Proportion of Features Terminating at Depth	Number of Features Classified at Depth	Proportion of Features Classified at Depth	Number of Features Unclassified at Depth	Proportion of Features Unclassified at Depth	Dataset
#q2:types	numeric	numeric	numeric	numeric	numeric	numeric	numeric	numeric	numeric	categorical
1	1	1	0	0	0	407617	1	0	0	tidybug_c99
2	2	1	0	84	0.000206075801549003	407617	1	0	0	tidybug_c99
3	3	19	0.573159194395675	253	0.000620680687998783	407533	0.999793924198451	84	0.000206075801549003	tidybug_c99
4	4	122	2.24892590505491	1000	0.00245328335177385	407280	0.999173243510452	337	0.000826756489547786	tidybug_c99
5	5	2077	5.2773588368607	112935	0.277061555332579	406280	0.996719960158678	1337	0.00328003984132163	tidybug_c99
6	6	29048	8.19767823715939	63721	0.156325668458381	293345	0.719658404826099	114272	0.280341595173901	tidybug_c99
7	7	130659	9.79145557340321	229624	0.563332736367718	229624	0.563332736367718	177993	0.436667263632282	tidybug_c99
