id	Level	Unique Labels	Taxonomic Entropy	Number of Features Terminating at Depth	Proportion of Features Terminating at Depth	Number of Features Classified at Depth	Proportion of Features Classified at Depth	Number of Features Unclassified at Depth	Proportion of Features Unclassified at Depth	Dataset
#q2:types	numeric	numeric	numeric	numeric	numeric	numeric	numeric	numeric	numeric	categorical
1	1	1	0	0	0	266146	1	0	0	tidybug_c97
2	2	1	0	96	0.000360704275097127	266146	1	0	0	tidybug_c97
3	3	19	0.558049448023215	283	0.00106332614429674	266050	0.999639295724903	96	0.000360704275097127	tidybug_c97
4	4	123	2.24724838407485	1276	0.00479436098983265	265767	0.998575969580606	379	0.00142403041939387	tidybug_c97
5	5	2076	5.31064580481171	80667	0.303093039158958	264491	0.993781608590773	1655	0.00621839140922651	tidybug_c97
6	6	28284	8.26790862783255	45637	0.171473552110496	183824	0.690688569431816	82322	0.309311430568184	tidybug_c97
7	7	111363	9.71753915452511	138187	0.51921501732132	138187	0.51921501732132	127959	0.48078498267868	tidybug_c97
