id	Level	Precision	Recall	F-Measure	Dataset
#q2:types	numeric	numeric	numeric	numeric	categorical
1	1	1	1	1	1
2	2	1	1	1	1
3	3	0.994270761860802	0.986306752262356	0.990272745204322	1
4	4	0.989679895942388	0.965138835176734	0.977255319648829	1
5	5	0.968933909604482	0.889872379921108	0.927721763138712	1
6	6	0.889666196721778	0.773123984840282	0.82731096540525	1
7	7	0.632323669574426	0.506158248897827	0.562250196749594	1
