id	Level	Precision	Recall	F-Measure	Dataset
#q2:types	numeric	numeric	numeric	numeric	categorical
1	1	1	1	1	1
2	2	1	1	1	1
3	3	0.9931188463087	0.980203027347278	0.986618668412058	1
4	4	0.985181016694804	0.948665149380441	0.966578327444052	1
5	5	0.975227272727273	0.930096456052888	0.952127364508792	1
6	6	0.93719509852879	0.881398793396192	0.908441002345757	1
7	7	0.795983296878107	0.723059138036921	0.757770794684436	1
