id	Level	Precision	Recall	F-Measure	Dataset
#q2:types	numeric	numeric	numeric	numeric	categorical
1	1	1	1	1	1
2	2	1	1	1	1
3	3	0.959294269029001	0.934324689096693	0.946644852510256	1
4	4	0.951533283470456	0.91983996915068	0.935418249552707	1
5	5	0.945189987937274	0.906463896654777	0.925421977264898	1
6	6	0.904951913239206	0.8526944953244	0.878046359259443	1
7	7	0.726281586508768	0.65183649860214	0.687048303717722	1
