id	Level	Precision	Recall	F-Measure	Dataset
#q2:types	numeric	numeric	numeric	numeric	categorical
1	1	1	1	1	1
2	2	1	1	1	1
3	3	0.994960109624972	0.989470032020466	0.992207476463142	1
4	4	0.987147266974641	0.963820217204103	0.97534428531846	1
5	5	0.944243412922043	0.798467532250378	0.865258475420827	1
6	6	0.873276028135429	0.701152067953616	0.777805343467202	1
7	7	0.670240961863776	0.508464940515504	0.578251165311395	1
