id	Level	Precision	Recall	F-Measure	Dataset
#q2:types	numeric	numeric	numeric	numeric	categorical
1	1	1	1	1	1
2	2	1	1	1	1
3	3	0.975328611586601	0.95630081300813	0.965720994238888	1
4	4	0.970210077396936	0.94579945799458	0.957849267859092	1
5	5	0.963819399163473	0.933173195368317	0.948248750224921	1
6	6	0.930478605695456	0.88699494949495	0.908216597163646	1
7	7	0.776729506099121	0.701034737620103	0.736943484489191	1
