id	Level	Precision	Recall	F-Measure	Dataset
#q2:types	numeric	numeric	numeric	numeric	categorical
1	1	1	1	1	1
2	2	1	1	1	1
3	3	0.999913365264422	0.999823652254621	0.999868506747151	1
4	4	0.999489230502535	0.998923350607162	0.999206210436244	1
5	5	0.995241679158555	0.990059556036817	0.99264385429155	1
6	6	0.963937506590952	0.933232268543584	0.948336409108486	1
7	7	0.868904150236487	0.751949880114471	0.806207541662244	1
