id	Level	Precision	Recall	F-Measure	Dataset
#q2:types	numeric	numeric	numeric	numeric	categorical
1	1	1	1	1	1
2	2	1	1	1	1
3	3	0.99153686647056	0.991106719367589	0.991321746257503	1
4	4	0.989604688743639	0.988865323435843	0.989234867937266	1
5	5	0.988610038610039	0.987371059481346	0.987990160613515	1
6	6	0.983299754836517	0.976308686011761	0.979791749809527	1
7	7	0.959491094147583	0.908801696712619	0.9334587582929	1
