id	Level	Precision	Recall	F-Measure	Dataset
#q2:types	numeric	numeric	numeric	numeric	categorical
1	1	1	1	1	1
2	2	1	1	1	1
3	3	0.998735412075008	0.998591091362306	0.99866324650457	1
4	4	0.997325333429718	0.996820924099563	0.997073064970731	1
5	5	0.996744556174492	0.995484267186879	0.996114013049686	1
6	6	0.993683064076965	0.98880098262346	0.991236012023322	1
7	7	0.979129263913824	0.945702828655034	0.962125806273775	1
