id	Level	Precision	Recall	F-Measure	Dataset
#q2:types	numeric	numeric	numeric	numeric	categorical
1	1	1	1	1	1
2	2	1	1	1	1
3	3	0.999849510910459	0.999841151733536	0.999845331304526	1
4	4	0.999418784548868	0.999134694969526	0.999276719567871	1
5	5	0.988533218072259	0.97516114738611	0.981801653170822	1
6	6	0.974382603078911	0.945882903746311	0.959921263683935	1
7	7	0.933175279823102	0.855598565349341	0.892704723731183	1
