id	Level	Precision	Recall	F-Measure	Dataset
#q2:types	numeric	numeric	numeric	numeric	categorical
1	1	1	1	1	1
2	2	1	1	1	1
3	3	0.994162315358194	0.993840847499384	0.994001555437486	1
4	4	0.992142119778747	0.991515767430402	0.991828844717244	1
5	5	0.990468699393883	0.988867331855137	0.989667367837082	1
6	6	0.984000124150346	0.976333456516383	0.98015179855003	1
7	7	0.956576309312295	0.903624661246612	0.929346836325054	1
